payroll_name,machine_no,machine_name,note
SUMIATI,6,Sumiati,
SUKARJO,9,Karjo,
SYAHRONI,11,Roni,
SUTRISNO,12,Trisno,
PRANOWO,15,Pranowo,
SAKIRIN,16,Sakirin,
SITI,19,Siti,
UTAMI,20,Utami,
PADI,26,Padi,
THOHARI,27,Thohari,
NIAM,31,Niam,
ANDI,36,Andi,
PUTRA,60,Putra,
HENDI,61,Hendi,
DENI,72,Deni,ops had 74 (IRFAN's); 72 is also SENIPAH's, who left
IRFAN,74,Irfan,ops had 75
NUR AISAH,99,Nur Aisah,
MUNTOLIB,106,Muntholib,
SANDI,109,Sandi,
ADIT,110,Adit,
SUMI,113,Sumi,ops had 112; 113 is also MIFTAH's, who left
SOLEKHAN,114,Solekhan,
ROFIATI,116,Rofiati,
SITI AMSAH,117,Siti Amsah,
SYAHRUL,122,Syahrul,
KHOSIUN,125,Khosiun,
RADHIT,126,Radit,
MUSLIKATUN,127,Muslikatun,
YOGA,128,Yoga,
FIRMANSYAH,129,Firmansyah,
RONDIYAH,130,Rondiyah,
FITRIA,131,Fitria,
NURSIH,136,Nursih,
MUSAMAH,137,Musamah,
PAINAH,138,Painah,
IRWAN,8,Irwan,driver — on the machine from week 4 Sep; ops has him as 8
KIDO,,,satpam — not on the machine
JAMI,,,satpam — not on the machine
NUR,,,helper — not on the machine
AGUS,,,finishing — not on the machine (payroll FP 23)
